{
  "Ansi 5 Color" : {
    "Green Component" : 0.32156862745098042,
    "Blue Component" : 0.17254901960784313,
    "Red Component" : 0.59215686274509804
  },
  "Tags" : [

  ],
  "Ansi 12 Color" : {
    "Red Component" : 0.17706847893805389,
    "Color Space" : "sRGB",
    "Blue Component" : 0.54853981733322144,
    "Alpha Component" : 1,
    "Green Component" : 0.52344101535547183
  },
  "Has Hotkey" : false,
  "Ansi 7 Color" : {
    "Red Component" : 0.59685793501187345,
    "Color Space" : "sRGB",
    "Blue Component" : 0.65445339679718018,
    "Alpha Component" : 1,
    "Green Component" : 0.58373136682712357
  },
  "Bold Color" : {
    "Red Component" : 0.3696441650390625,
    "Color Space" : "sRGB",
    "Blue Component" : 0.32552555613524359,
    "Alpha Component" : 1,
    "Green Component" : 0.30354674346993193
  },
  "Ansi 8 Color" : {
    "Green Component" : 0.32156862745098042,
    "Blue Component" : 0.32156862745098042,
    "Red Component" : 0.36862745098039218
  },
  "Ansi 9 Color" : {
    "Red Component" : 0.6652984619140625,
    "Color Space" : "sRGB",
    "Blue Component" : 0.085588551824912429,
    "Alpha Component" : 1,
    "Green Component" : 0.45190548902907324
  },
  "Link Color" : {
    "Red Component" : 0,
    "Color Space" : "sRGB",
    "Blue Component" : 0.73423302173614502,
    "Alpha Component" : 1,
    "Green Component" : 0.35916060209274292
  },
  "Rows" : 25,
  "Default Bookmark" : "No",
  "Guid" : "8E3DD050-43CB-4F02-A76C-565B7440DF9D",
  "Cursor Guide Color" : {
    "Red Component" : 0.70213186740875244,
    "Color Space" : "sRGB",
    "Blue Component" : 1,
    "Alpha Component" : 0.25,
    "Green Component" : 0.9268307089805603
  },
  "Non-ASCII Anti Aliased" : true,
  "Use Bright Bold" : true,
  "Ansi 10 Color" : {
    "Red Component" : 0.54127923824814328,
    "Color Space" : "sRGB",
    "Blue Component" : 0.19286053654286661,
    "Alpha Component" : 1,
    "Green Component" : 0.59272688627243042
  },
  "Use Cursor Guide" : false,
  "Ambiguous Double Width" : false,
  "Jobs to Ignore" : [
    "rlogin",
    "ssh",
    "slogin",
    "telnet"
  ],
  "Show Status Bar" : true,
  "Ansi 15 Color" : {
    "Red Component" : 0.5862055968421771,
    "Color Space" : "sRGB",
    "Blue Component" : 0.623809814453125,
    "Alpha Component" : 1,
    "Green Component" : 0.5521444077603519
  },
  "Foreground Color" : {
    "Red Component" : 0.358917236328125,
    "Color Space" : "sRGB",
    "Blue Component" : 0.31607893159037198,
    "Alpha Component" : 1,
    "Green Component" : 0.29473793009093008
  },
  "Bound Hosts" : [

  ],
  "Working Directory" : "\/Users\/tamakiii",
  "Blinking Cursor" : false,
  "Disable Window Resizing" : true,
  "Sync Title" : false,
  "Prompt Before Closing 2" : false,
  "BM Growl" : true,
  "Command" : "",
  "Description" : "Default",
  "Mouse Reporting" : true,
  "Screen" : -1,
  "Selection Color" : {
    "Red Component" : 0.7497100830078125,
    "Color Space" : "sRGB",
    "Blue Component" : 0.67015191585789535,
    "Alpha Component" : 1,
    "Green Component" : 0.70748178896807501
  },
  "Columns" : 80,
  "Idle Code" : 0,
  "Ansi 13 Color" : {
    "Green Component" : 0.32156862745098042,
    "Blue Component" : 0.17254901960784313,
    "Red Component" : 0.59215686274509804
  },
  "Custom Command" : "No",
  "ASCII Anti Aliased" : true,
  "Non Ascii Font" : "Monaco 12",
  "Vertical Spacing" : 1.28,
  "Use Bold Font" : true,
  "Option Key Sends" : 0,
  "Selected Text Color" : {
    "Red Component" : 0.203643798828125,
    "Color Space" : "sRGB",
    "Blue Component" : 0.17933804219529254,
    "Alpha Component" : 1,
    "Green Component" : 0.16722950829100985
  },
  "Background Color" : {
    "Red Component" : 0.9754486083984375,
    "Color Space" : "sRGB",
    "Blue Component" : 0.9754486083984375,
    "Alpha Component" : 1,
    "Green Component" : 0.9754486083984375
  },
  "Character Encoding" : 4,
  "Ansi 11 Color" : {
    "Red Component" : 0.93876463174819946,
    "Color Space" : "sRGB",
    "Blue Component" : 0.081076169062725967,
    "Alpha Component" : 1,
    "Green Component" : 0.56384002421930779
  },
  "Use Italic Font" : true,
  "Unlimited Scrollback" : false,
  "Keyboard Map" : {
    "0xf700-0x260000" : {
      "Action" : 10,
      "Text" : "[1;6A"
    },
    "0x37-0x40000" : {
      "Action" : 11,
      "Text" : "0x1f"
    },
    "0x32-0x40000" : {
      "Action" : 11,
      "Text" : "0x00"
    },
    "0xf709-0x20000" : {
      "Action" : 10,
      "Text" : "[17;2~"
    },
    "0xf70c-0x20000" : {
      "Action" : 10,
      "Text" : "[20;2~"
    },
    "0xf729-0x20000" : {
      "Action" : 10,
      "Text" : "[1;2H"
    },
    "0xf72b-0x40000" : {
      "Action" : 10,
      "Text" : "[1;5F"
    },
    "0xf705-0x20000" : {
      "Action" : 10,
      "Text" : "[1;2Q"
    },
    "0xf703-0x260000" : {
      "Action" : 10,
      "Text" : "[1;6C"
    },
    "0xf700-0x220000" : {
      "Action" : 10,
      "Text" : "[1;2A"
    },
    "0xf701-0x280000" : {
      "Action" : 11,
      "Text" : "0x1b 0x1b 0x5b 0x42"
    },
    "0x38-0x40000" : {
      "Action" : 11,
      "Text" : "0x7f"
    },
    "0x33-0x40000" : {
      "Action" : 11,
      "Text" : "0x1b"
    },
    "0xf703-0x220000" : {
      "Action" : 10,
      "Text" : "[1;2C"
    },
    "0xf701-0x240000" : {
      "Action" : 10,
      "Text" : "[1;5B"
    },
    "0xf70d-0x20000" : {
      "Action" : 10,
      "Text" : "[21;2~"
    },
    "0xf702-0x260000" : {
      "Action" : 10,
      "Text" : "[1;6D"
    },
    "0xf729-0x40000" : {
      "Action" : 10,
      "Text" : "[1;5H"
    },
    "0xf706-0x20000" : {
      "Action" : 10,
      "Text" : "[1;2R"
    },
    "0x34-0x40000" : {
      "Action" : 11,
      "Text" : "0x1c"
    },
    "0xf700-0x280000" : {
      "Action" : 11,
      "Text" : "0x1b 0x1b 0x5b 0x41"
    },
    "0x2d-0x40000" : {
      "Action" : 11,
      "Text" : "0x1f"
    },
    "0xf70e-0x20000" : {
      "Action" : 10,
      "Text" : "[23;2~"
    },
    "0xf702-0x220000" : {
      "Action" : 10,
      "Text" : "[1;2D"
    },
    "0xf703-0x280000" : {
      "Action" : 11,
      "Text" : "0x1b 0x1b 0x5b 0x43"
    },
    "0xf700-0x240000" : {
      "Action" : 10,
      "Text" : "[1;5A"
    },
    "0xf707-0x20000" : {
      "Action" : 10,
      "Text" : "[1;2S"
    },
    "0xf70a-0x20000" : {
      "Action" : 10,
      "Text" : "[18;2~"
    },
    "0x35-0x40000" : {
      "Action" : 11,
      "Text" : "0x1d"
    },
    "0xf70f-0x20000" : {
      "Action" : 10,
      "Text" : "[24;2~"
    },
    "0xf703-0x240000" : {
      "Action" : 10,
      "Text" : "[1;5C"
    },
    "0xf701-0x260000" : {
      "Action" : 10,
      "Text" : "[1;6B"
    },
    "0xf702-0x280000" : {
      "Action" : 11,
      "Text" : "0x1b 0x1b 0x5b 0x44"
    },
    "0xf72b-0x20000" : {
      "Action" : 10,
      "Text" : "[1;2F"
    },
    "0x36-0x40000" : {
      "Action" : 11,
      "Text" : "0x1e"
    },
    "0xf708-0x20000" : {
      "Action" : 10,
      "Text" : "[15;2~"
    },
    "0xf701-0x220000" : {
      "Action" : 10,
      "Text" : "[1;2B"
    },
    "0xf70b-0x20000" : {
      "Action" : 10,
      "Text" : "[19;2~"
    },
    "0xf702-0x240000" : {
      "Action" : 10,
      "Text" : "[1;5D"
    },
    "0xf704-0x20000" : {
      "Action" : 10,
      "Text" : "[1;2P"
    }
  },
  "Window Type" : 0,
  "Cursor Boost" : 0,
  "Initial Text" : "",
  "Background Image Location" : "",
  "Blur" : false,
  "Badge Color" : {
    "Red Component" : 1,
    "Color Space" : "sRGB",
    "Blue Component" : 0,
    "Alpha Component" : 0.5,
    "Green Component" : 0
  },
  "Scrollback Lines" : 1000,
  "Send Code When Idle" : false,
  "Close Sessions On End" : true,
  "Terminal Type" : "xterm-256color",
  "Visual Bell" : true,
  "Flashing Bell" : false,
  "Status Bar Layout" : {
    "components" : [
      {
        "class" : "iTermStatusBarSpringComponent",
        "configuration" : {
          "knobs" : {
            "base: priority" : 5,